POS,SEQ,SCORE,COLOR,CONFIDENCE INTERVAL,CONFIDENCE INTERVAL COLORS,B/E,FUNCTION,MSA DATA,RESIDUE VARIETY
,,(normalized),,,,,,,
1,M,-0.983,8,"-1.351,-0.780","9,8",e,f,Oct-85,M
2,C,1.093,1*,"0.095, 1.999","5,1",e,,13/85,"C,N,H"
3,R,0.093,5,"-0.448, 0.497","6,3",e,,23/85,"Q,G,P,R"
4,A,0.087,5,"-0.448, 0.497","6,3",e,,26/85,"R,A,D,T,G"
5,I,0.707,3*,"0.095, 1.136","5,1",e,,37/85,"A,M,F,T,L,I,V"
6,S,-0.616,7,"-0.898,-0.448","8,6",b,,45/85,"S,C,Y,L,P,A"
7,L,0.768,2,"0.213, 1.136","4,1",b,,57/85,"I,L,F,R,C"
8,R,-0.513,7,"-0.780,-0.291","8,6",e,,65/85,"A,M,G,Q,S,R"
9,R,0.583,3,"0.095, 0.878","5,2",b,,68/85,"N,C,H,Q,A,R,Y,K,G,T,I,M"
10,L,0.092,5*,"-0.589, 0.497","7,3",b,,Nov-85,"L,F"
11,L,-1.07,9,"-1.289,-0.955","9,8",b,s,74/85,"D,Q,L"
12,L,-0.433,6,"-0.780,-0.205","8,6",b,,75/85,"R,F,I,L"
13,L,-1.091,9,"-1.289,-0.955","9,8",b,s,76/85,"V,P,L"
14,L,-0.161,6,"-0.448, 0.095","6,5",b,,76/85,"L,G,Q,F,A,M,V"
15,L,-0.974,8,"-1.231,-0.840","9,8",b,,76/85,"L,F,V,S"
16,Q,-0.51,7,"-0.780,-0.371","8,6",e,,76/85,"E,H,Q,L,P,F,N"
17,L,-0.724,7,"-1.010,-0.520","8,7",b,,75/85,"W,L,F,V"
18,S,-0.484,7,"-0.719,-0.291","7,6",b,,75/85,"S,V,A,G"
19,Q,-0.322,6,"-0.655,-0.113","7,5",e,,75/85,"M,P,I,L,W,K,V,Q,S"
20,L,-0.712,7,"-1.010,-0.520","8,7",b,,75/85,"F,L,C,V"
21,L,-0.045,5,"-0.448, 0.213","6,4",e,,77/85,"P,A,W,L,S,V"
22,A,-0.54,7,"-0.780,-0.371","8,6",e,,78/85,"M,P,A,G,E,S,V"
23,V,0.111,5,"-0.205, 0.347","6,4",b,,77/85,"A,S,P,M,G,T,I,D,V"
24,T,-0.456,6,"-0.719,-0.291","7,6",e,,77/85,"P,A,L,G,I,T,S"
25,Q,-0.397,6,"-0.655,-0.205","7,6",e,,78/85,"W,D,L,P,R,Q,H,E,S"
26,G,-0.608,7,"-0.898,-0.448","8,6",e,,78/85,"R,V,G,E,A"
27,K,-0.224,6,"-0.520,-0.014","7,5",e,,78/85,"R,K,I,T,Q,E,M"
28,T,-0.28,6,"-0.589,-0.113","7,5",e,,78/85,"K,Y,M,T,D,N,A,E"
29,L,-0.358,6,"-0.655,-0.205","7,6",b,,78/85,"M,I,L,S,V"
30,V,-0.817,8,"-1.010,-0.655","8,7",b,,78/85,"I,L,M,R,V"
31,L,-0.746,7,"-1.010,-0.589","8,7",b,,78/85,"R,V,M,I,L"
32,G,-0.356,6,"-0.719,-0.113","7,5",e,,78/85,"S,A,G"
33,K,-0.057,5,"-0.371, 0.213","6,4",e,,78/85,"E,Q,V,R,K,N"
34,E,-0.416,6,"-0.655,-0.205","7,6",e,,78/85,"V,K,T,E,A"
35,G,-0.942,8,"-1.175,-0.780","9,8",e,f,78/85,"T,G,D,E"
36,E,1.719,1,"0.878, 1.999","2,1",e,,78/85,"A,E,Q,N,S,D,T,L,G,K"
37,S,0.884,2,"0.347, 1.136","4,1",e,,78/85,"A,Q,E,S,N,M,P,T,L,I,K,V"
38,A,0.01,5,"-0.291, 0.213","6,4",b,,78/85,"V,K,I,A"
39,E,-0.748,7,"-1.010,-0.589","8,7",e,,78/85,"K,E,D,T,A"
40,L,-1.318,9,"-1.483,-1.289","9,9",b,s,78/85,L
41,P,-0.499,7,"-0.780,-0.291","8,6",e,,78/85,"S,T,L,A,P"
42,C,-1.295,9,"-1.483,-1.231","9,9",b,s,78/85,C
43,E,1.738,1,"1.136, 1.999","1,1",e,,78/85,"H,Q,E,N,S,M,D,T,I,G,K,R"
44,S,-0.052,5,"-0.371, 0.213","6,4",e,,77/85,"T,G,A,V,S"
45,S,-0.54,7,"-0.780,-0.371","8,6",e,,78/85,"S,Y,T,P,A"
46,Q,0.919,2,"0.497, 1.136","3,1",e,,78/85,"V,R,K,G,L,P,S,H,Q,E"
47,K,0.099,5,"-0.291, 0.347","6,4",e,,77/85,"G,K,R,H,Q,E,S,N"
48,K,0.26,4,"-0.113, 0.497","5,3",e,,75/85,"N,A,E,Q,K,R,M,T,G"
49,I,1.137,1,"0.672, 1.477","3,1",e,,76/85,"S,N,F,H,K,Y,R,D,T,I"
50,T,1.524,1,"0.878, 1.999","2,1",b,,77/85,"V,K,T,I,L,M,S,A"
51,V,3.32,1,"1.999, 3.344","1,1",e,,76/85,"S,F,A,H,Q,K,Y,V,P,T,G,L,I,D"
52,F,-1.312,9,"-1.483,-1.231","9,9",b,s,78/85,F
53,T,1.404,1,"0.878, 1.999","2,1",e,,78/85,"S,N,F,A,H,Y,K,I,T"
54,W,-1.183,9,"-1.426,-1.065","9,8",b,s,78/85,W
55,K,-0.874,8,"-1.121,-0.719","9,7",e,f,78/85,"H,I,M,R,K"
56,F,1.653,1,"0.878, 1.999","2,1",e,,77/85,"R,K,Y,D,T,L,N,S,Q,H,F"
57,S,0.51,3,"0.095, 0.672","5,3",e,,78/85,"Q,H,A,S,L,T,P,R,V,K"
58,D,0.093,5,"-0.291, 0.347","6,4",e,,76/85,"Q,S,N,T,G,D,P,R,Y,K"
59,Q,0.035,5,"-0.291, 0.213","6,4",e,,74/85,"E,H,D,Q,G,M,N"
60,R,1.147,1,"0.672, 1.477","3,1",b,,75/85,"R,V,K,L,T,I,D,N,S"
61,K,1.377,1,"0.672, 1.999","3,1",e,,78/85,"Q,N,L,I,T,M,P,R,V,K"
62,I,-0.99,8,"-1.175,-0.898","9,8",b,,78/85,"V,L,I"
63,L,-0.712,7,"-1.010,-0.520","8,7",b,,78/85,"V,L,A,M"
64,G,1.283,1,"0.672, 1.477","3,1",e,,78/85,"K,R,G,T,S,A,E,Q"
65,Q,2.407,1,"1.477, 3.344","1,1",e,,78/85,"V,R,K,Y,D,I,G,T,P,M,N,S,H,Q,A"
66,H,0.592,3,"0.213, 0.878","4,2",e,,78/85,"P,G,I,T,Y,K,R,A,H,Q,S"
67,G,2.151,1,"1.136, 3.344","1,1",e,,78/85,"A,H,S,N,P,M,D,L,I,G,R"
68,K,1.022,2,"0.497, 1.477","3,1",e,,77/85,"S,N,F,Q,Y,K,V,P,X,G,L,T,W,D"
69,G,1.6,1,"0.497, 1.999","3,1",e,,Aug-85,"N,S,G,D,H,E"
70,V,1.965,1,"1.136, 1.999","1,1",b,,78/85,"H,F,S,G,T,L,I,W,P,R,V,Y"
71,L,3.3,1,"1.999, 3.344","1,1",e,,78/85,"R,V,K,L,I,W,P,M,S,C,E,F"
72,I,2.331,1,"1.477, 3.344","1,1",b,,78/85,"A,F,H,S,M,I,T,L,Y,V"
73,R,1.861,1,"1.136, 1.999","1,1",e,,78/85,"K,R,V,P,M,T,L,I,W"
74,G,-0.457,6*,"-1.121,-0.113","9,5",e,,Mar-85,G
75,G,-0.337,6,"-0.655,-0.113","7,5",e,,79/85,"S,C,V,A,P,G"
76,S,2.223,1,"1.136, 3.344","1,1",e,,81/85,"A,H,Q,S,N,P,L,I,T,K,R"
77,P,-0.113,5,"-0.448, 0.095","6,5",e,,81/85,"S,F,A,R,V,P,L,T,G,D"
78,S,1.708,1,"0.878, 1.999","2,1",e,,82/85,"H,E,A,N,D,M,Q,S,W,L,G,P,V,R,K,Y"
79,Q,0.555,3,"0.095, 0.878","5,2",b,,81/85,"Q,R,K,W,I,G,L,M"
80,F,3.07,1,"1.999, 3.344","1,1",e,,82/85,"N,S,A,F,Q,H,K,Y,R,D,T,G"
81,D,2.06,1,"1.136, 1.999","1,1",e,,82/85,"K,Y,R,P,D,T,G,N,S,A,H,Q,E"
82,R,-1.308,9,"-1.483,-1.231","9,9",e,f,83/85,"K,R"
83,F,0.095,5,"-0.291, 0.347","6,4",b,,83/85,"V,Y,I,L,T,S,A,F"
84,D,0.178,4,"-0.205, 0.347","6,4",e,,84/85,"D,H,E,G,N,S"
85,S,-0.992,8,"-1.175,-0.898","9,8",e,f,84/85,"T,A,S,C"
86,K,0.365,4,"-0.014, 0.672","5,3",e,,84/85,"R,K,S,L,P"
87,K,0.286,4,"-0.113, 0.497","5,3",e,,84/85,"R,S,K,L,T,I,P"
88,G,0.506,3,"0.095, 0.672","5,3",e,,84/85,"R,Y,L,G,T,I,M,S,N,F,A"
89,A,1.374,1,"0.672, 1.999","3,1",e,,84/85,"A,E,Q,S,M,G,L,T,V"
90,W,-1.194,9,"-1.426,-1.065","9,8",e,f,84/85,W
91,E,-0.473,7,"-0.719,-0.291","7,6",e,,84/85,"K,S,N,A,D,E"
92,K,0.144,5,"-0.205, 0.347","6,4",e,,84/85,"M,T,G,K,R,Q,E,H,S"
93,G,-1.321,9,"-1.483,-1.289","9,9",b,s,84/85,G
94,S,-0.716,7,"-0.955,-0.589","8,7",e,,84/85,"K,Y,F,H,Q,E,S,N,C"
95,F,-0.868,8,"-1.121,-0.719","9,7",b,,84/85,"F,L,Y"
96,P,-0.945,8,"-1.175,-0.840","9,8",e,f,84/85,"P,L,S"
97,L,-1.114,9,"-1.351,-1.010","9,8",b,s,84/85,"L,M"
98,I,-0.218,6,"-0.520,-0.014","7,5",b,,84/85,"T,L,I,E,V"
99,I,-1.341,9,"-1.483,-1.289","9,9",b,s,84/85,"V,I"
100,N,0.246,4,"-0.113, 0.497","5,3",e,,84/85,"K,N,S,R,Q,H,T"
101,K,0.036,5,"-0.291, 0.213","6,4",e,,84/85,"Y,S,N,K,Q,D,E"
102,L,-0.879,8,"-1.121,-0.719","9,7",b,,84/85,"A,L,V"
103,K,0.055,5,"-0.291, 0.347","6,4",e,,84/85,"K,R,Q,D,E"
104,M,0.824,2,"0.347, 1.136","4,1",b,,85/85,"I,T,L,A,M,V,K"
105,E,1.236,1,"0.672, 1.477","3,1",e,,85/85,"Q,E,A,S,T,G,D,P,R,K"
106,D,-1.373,9,"-1.483,-1.351","9,9",e,f,85/85,D
107,S,-1.136,9,"-1.289,-1.065","9,8",e,f,85/85,"A,T,S"
108,Q,0.241,4,"-0.205, 0.497","6,3",e,,85/85,"A,Q,D,E,G,K,N"
109,T,0.022,5,"-0.291, 0.213","6,4",b,,85/85,"F,H,N,S,M,I,L,T,D,V"
110,Y,-1.313,9,"-1.483,-1.231","9,9",b,s,85/85,Y
111,I,0.086,5,"-0.291, 0.347","6,4",b,,85/85,"V,L,I,T,D,N,S,F,H"
112,C,-1.304,9,"-1.483,-1.231","9,9",b,s,85/85,C
113,E,-0.804,8,"-1.010,-0.655","8,7",e,f,85/85,"E,D,T,K"
114,L,-0.858,8,"-1.065,-0.719","8,7",b,,85/85,"V,A,M,T,L,I"
115,E,0.022,5,"-0.291, 0.213","6,4",e,,84/85,"N,A,M,G,E,Q,D"
116,N,0.792,2,"0.347, 1.136","4,1",e,,84/85,"N,S,A,E,K,R,D,T,G"
117,R,0.627,3,"0.213, 0.878","4,2",e,,85/85,"T,I,G,V,R,K,E,Q,A,N"
118,K,0.551,3,"0.095, 0.878","5,2",e,,85/85,"N,K,R,A,T,Q,E"
119,E,1.626,1,"0.878, 1.999","2,1",e,,83/85,"E,Q,A,F,N,D,T,L,I,M,R,K"
120,E,-0.184,6,"-0.520,-0.014","7,5",e,,85/85,"S,E,Q,A,V,K,L,P"
121,V,-1.339,9,"-1.483,-1.289","9,9",b,s,85/85,"V,I"
122,E,-0.687,7,"-0.955,-0.520","8,7",e,,85/85,"K,E,D,Q"
123,L,-1.326,9,"-1.483,-1.289","9,9",b,s,85/85,L
124,W,0.598,3,"0.095, 0.878","5,2",b,,85/85,"R,V,K,I,L,W,M,Q"
125,V,-1.338,9,"-1.483,-1.289","9,9",b,s,85/85,"M,V"
126,F,-0.986,8,"-1.231,-0.840","9,8",b,,85/85,"F,Y"
127,K,0.469,3,"0.095, 0.672","5,3",e,,85/85,"R,S,N,K,G,T,D"
128,V,-0.655,7,"-0.898,-0.448","8,6",b,,84/85,"L,C,V"
129,T,-0.715,7,"-0.955,-0.589","8,7",e,,84/85,"S,K,N,D,L,I,T"
130,F,0.156,4,"-0.205, 0.347","6,4",e,,84/85,"F,A,S,P,L,I,T,Y,R,V"
131,S,1.012,2,"0.497, 1.477","3,1",e,,83/85,"D,G,T,K,Y,R,Q,E,H,S,N"
132,P,-0.279,6,"-0.589,-0.113","7,5",e,,85/85,"H,A,S,N,G,T,P,R"
133,G,0.765,2,"0.347, 1.136","4,1",e,,85/85,"N,S,E,K,V,R,P,D,I,T,G"
134,T,-0.311,6,"-0.589,-0.113","7,5",b,,83/85,"N,S,F,E,R,V,T,I,D"
135,S,1.037,2,"0.497, 1.477","3,1",e,,85/85,"P,T,G,Y,R,Q,H,S,C"
136,L,-0.154,6,"-0.520, 0.095","7,5",b,,85/85,"V,P,I,L"
137,L,-0.185,6,"-0.520, 0.095","7,5",b,,85/85,"V,R,M,F,I,L"
138,Q,0.432,4,"-0.014, 0.672","5,3",e,,85/85,"H,E,Q,A,S,L,G,M,P,R,K"
139,G,-1.213,9,"-1.426,-1.121","9,9",e,f,85/85,"G,M"
140,Q,-0.466,7,"-0.719,-0.291","7,6",e,,85/85,"Q,E,H,T,K,N"
141,S,-0.353,6,"-0.589,-0.205","7,6",e,,85/85,"S,N,E,Q,K,R,P,T"
142,L,-0.899,8,"-1.121,-0.780","9,8",b,,85/85,"L,M,V"
143,T,-1.165,9,"-1.351,-1.065","9,8",e,f,85/85,"T,N,S"
144,L,-0.894,8,"-1.121,-0.719","9,7",b,,85/85,"V,F,M,L"
145,T,-0.608,7,"-0.840,-0.448","8,6",e,,85/85,"T,I,A,R,S"
146,L,-1.017,8,"-1.231,-0.898","9,8",b,,85/85,"V,L"
147,D,-0.629,7,"-0.898,-0.448","8,6",e,,85/85,"G,Q,E,H,D"
148,S,0.236,4,"-0.113, 0.497","5,3",e,,85/85,"N,S,C,E,A,K,Y,T,I,G"
149,N,-0.788,8,"-1.010,-0.655","8,7",e,f,85/85,"R,S,N,H,T,P"
150,S,0.65,3,"0.213, 0.878","4,2",e,,84/85,"R,V,K,L,T,P,S,E,H,F,A"
151,K,0.355,4,"-0.113, 0.672","5,3",e,,85/85,"N,S,L,G,D,K,R,V"
152,V,-0.159,6,"-0.719, 0.213","7,4",e,,16/85,"L,D,V"
153,S,0.061,5,"-0.291, 0.213","6,4",e,,85/85,"H,Q,E,A,S,D,G,I,T,P,V,R,K"
154,N,0.577,3,"0.213, 0.878","4,2",e,,85/85,"N,S,H,E,Q,A,K,G,D"
155,P,-0.394,6,"-0.719,-0.205","7,6",e,,85/85,"S,L,P,F"
156,L,-0.536,7,"-0.780,-0.371","8,6",e,,85/85,"W,L,T,P,V,K,Y,S"
157,T,-0.507,7,"-0.780,-0.371","8,6",b,,85/85,"V,G,T,I,F,M,A"
158,E,0.021,5,"-0.291, 0.213","6,4",e,,85/85,"V,R,K,Q,E"
159,C,0.079,5,"-0.371, 0.347","6,4",b,,85/85,"C,Y,F,W"
160,K,0.152,5,"-0.205, 0.347","6,4",e,,85/85,"H,E,Q,A,S,N,T,M,R,K"
161,H,0.667,3,"0.213, 0.878","4,2",e,,85/85,"H,Q,S,G,L,D,Y,R"
162,K,-1.046,8,"-1.231,-0.955","9,8",e,f,85/85,"R,S,K,P"
163,K,2.285,1,"1.136, 3.344","1,1",e,,85/85,"W,G,L,T,M,R,K,E,Q,A,F,S"
164,G,-0.242,6,"-0.520,-0.014","7,5",e,,85/85,"H,D,G,L,A,S,N"
165,K,0.792,2,"0.347, 1.136","4,1",e,,85/85,"S,N,E,Q,Y,K,R,T,I,G"
166,V,0.744,3,"0.347, 1.136","4,1",e,,85/85,"P,D,I,T,K,V,R,E,Q,H,N,S"
167,V,1.45,1,"0.878, 1.999","2,1",e,,85/85,"Y,K,V,R,P,W,T,L,S,F,Q,M,I,A,E,H"
168,S,2.778,1,"1.477, 3.344","1,1",e,,84/85,"M,I,T,G,K,R,V,E,H,Q,N,S"
169,G,3.225,1,"1.999, 3.344","1,1",e,,84/85,"Q,H,E,A,S,N,G,L,T,D,M,R,V"
170,S,2.279,1,"1.477, 3.344","1,1",e,,85/85,"S,N,Q,E,A,V,R,K,D,G,L,I,T,M"
171,K,0.475,3,"0.095, 0.672","5,3",e,,85/85,"E,H,Q,A,N,S,P,M,R,K"
172,V,0.312,4,"-0.014, 0.497","5,3",e,,82/85,"S,N,A,V,R,D,T,I"
173,L,0.727,3,"0.213, 1.136","4,1",b,,85/85,"L,I,Y,R,V,F,H,C"
174,S,-0.477,7,"-0.719,-0.291","7,6",e,,84/85,"P,T,L,Y,F,H,Q,S,N"
175,M,-0.084,5,"-0.448, 0.095","6,5",b,,85/85,"V,A,M,I,L,T"
176,S,0.665,3,"0.213, 0.878","4,2",e,,84/85,"Y,V,R,M,P,L,I,T,S,A,H"
177,N,0.514,3,"0.095, 0.878","5,2",e,,85/85,"R,K,W,D,G,T,M,N,S,H,Q,A"
178,L,1.404,1,"0.672, 1.999","3,1",b,,84/85,"L,I,M,P,R,V"
179,R,1.075,1,"0.497, 1.477","3,1",e,,84/85,"Q,E,S,N,D,G,V,R,K"
180,V,2.699,1,"1.477, 3.344","1,1",b,,85/85,"F,Q,S,P,L,T,I,W,R,V"
181,Q,-0.407,6,"-0.655,-0.205","7,6",e,,85/85,"R,K,W,L,P,S,N,C,Q,E"
182,D,0.681,3,"0.213, 0.878","4,2",e,,85/85,"E,Q,H,D,K,N"
183,S,-0.931,8,"-1.121,-0.840","9,8",e,f,85/85,"R,T,G,L,N,S,E,H"
184,D,-1.113,9,"-1.289,-1.010","9,8",e,f,85/85,"R,G,D"
185,F,0.28,4,"-0.113, 0.497","5,3",e,,85/85,"K,R,V,P,T,L,I,S,F,E"
186,W,-0.799,8,"-1.121,-0.589","9,7",b,,85/85,"W,G,C"
187,N,-0.386,6,"-0.655,-0.205","7,6",e,,85/85,"F,Q,E,S,N,I,T,D,K,Y,R"
188,C,-1.175,9,"-1.426,-1.065","9,8",b,s,85/85,"I,C"
189,T,-0.318,6,"-0.589,-0.113","7,5",e,,85/85,"S,H,A,F,V,K,D,I,T"
190,V,-0.281,6,"-0.589,-0.113","7,5",b,,85/85,"F,A,M,L,I,V"
191,T,-0.661,7,"-0.898,-0.520","8,7",e,,85/85,"A,F,T,L,Y,S,C"
192,L,0.137,5,"-0.205, 0.347","6,4",e,,85/85,"I,L,Q,H,Y,K,V"
193,D,0.985,2,"0.497, 1.136","3,1",e,,85/85,"D,G,K,R,A,H,N,S"
194,Q,0.562,3,"0.095, 0.878","5,2",e,,85/85,"R,K,G,L,T,P,N,Q,E,A"
195,K,-0.128,5,"-0.448, 0.095","6,5",e,,85/85,"N,S,E,Q,H,R,K,D"
196,K,0.431,4,"-0.014, 0.672","5,3",e,,82/85,"N,S,Q,E,A,R,K,Y,L,T,I"
197,N,-0.291,6,"-0.589,-0.113","7,5",b,,85/85,"N,S,E,H,V,R,D,L,T"
198,W,0.658,3,"0.213, 0.878","4,2",e,,85/85,"W,L,T,V,K,H,E,Q,A,S,N"
199,F,0.626,3,"0.095, 0.878","5,2",b,,85/85,"F,I,T,L,W,V"
200,G,2.011,1,"1.136, 1.999","1,1",e,,85/85,"K,R,V,T,G,D,N,S,F,Q,H,E"
201,M,0.212,4,"-0.113, 0.497","5,3",b,,85/85,"M,I,L,T,K,V,R,A,F,N,S"
202,T,0.704,3,"0.213, 0.878","4,2",e,,85/85,"P,D,T,Y,K,R,A,H,E,Q,N,S"
203,L,-1.057,8,"-1.231,-0.955","9,8",b,,85/85,"L,I,V"
204,S,1.399,1,"0.878, 1.999","2,1",b,,85/85,"P,M,I,T,L,K,R,V,F,A,Q,S,N"
205,V,-1.133,9,"-1.289,-1.065","9,8",b,s,85/85,"A,M,P,V"
206,L,-0.765,8,"-1.010,-0.589","8,7",b,,85/85,"M,P,F,Q,H,L"
207,G,-0.793,8,"-1.010,-0.655","8,7",b,,85/85,"S,D,G,A"
208,F,-1.215,9,"-1.426,-1.121","9,9",b,s,85/85,"F,I"
209,Q,0.075,5,"-0.291, 0.347","6,4",e,,85/85,"R,K,W,L,T,P,M,Q,A"
210,S,0.887,2,"0.347, 1.136","4,1",e,,85/85,"R,K,D,G,P,N,S,E,H,Q"
211,T,0.412,4,"-0.014, 0.672","5,3",e,,85/85,"P,M,T,G,I,D,V,F,A,H,E,S"
212,A,0.223,4,"-0.113, 0.497","5,3",e,,85/85,"S,Q,H,A,V,Y,T,I,L,P"
213,I,0.888,2,"0.347, 1.136","4,1",e,,85/85,"K,V,R,M,D,T,I,S,N,A,Q,H,E"
214,T,-0.79,8,"-1.010,-0.655","8,7",e,f,85/85,"A,P,I,T,S,R"
215,A,0.316,4,"-0.113, 0.497","5,3",b,,85/85,"A,F,D,I,L,Y,V"
216,Y,-1.204,9,"-1.426,-1.121","9,9",b,s,85/85,"F,Y"
217,K,0.529,3,"0.095, 0.878","5,2",e,,85/85,"N,S,A,K,V,R,L,G,T"
218,S,-0.091,5,"-0.448, 0.095","6,5",e,,85/85,"I,M,R,K,E,A,C,S,N"
219,E,-0.092,5,"-0.448, 0.095","6,5",e,,85/85,"A,H,E,N,T,D,K,Y,V"
220,G,-0.557,7,"-0.840,-0.371","8,6",e,,85/85,"G,D,Q,R,N,K"
221,E,-0.626,7,"-0.898,-0.448","8,6",e,,85/85,"K,T,E,Q,D"
222,S,0.508,3,"0.095, 0.672","5,3",e,,85/85,"H,Q,A,S,D,L,T,P,R,K"
223,A,-0.369,6,"-0.655,-0.205","7,6",b,,85/85,"V,M,A,L"
224,E,0.319,4,"-0.113, 0.672","5,3",e,,85/85,"N,A,E,Q,K,R,V,L,D"
225,F,-0.454,6,"-0.780,-0.205","8,6",b,,85/85,"M,F,L"
226,S,-1.009,8,"-1.175,-0.898","9,8",b,,85/85,"S,N,C,A,T,H"
227,F,-0.872,8,"-1.121,-0.719","9,7",b,,85/85,"L,F,V,S"
228,P,-1.032,8,"-1.231,-0.898","9,8",e,f,85/85,"G,L,A,P"
229,L,-1.114,9,"-1.351,-1.010","9,8",b,s,85/85,"F,L,I"
230,N,-0.719,7,"-0.955,-0.589","8,7",e,,85/85,"S,N,K,A,T"
231,F,-0.006,5,"-0.371, 0.213","6,4",b,,85/85,"V,S,C,I,L,F,M"
232,A,1.565,1,"0.878, 1.999","2,1",e,,85/85,"S,N,E,Q,A,Y,K,D,G,T"
233,E,0.581,3,"0.095, 0.878","5,2",e,,84/85,"Y,V,L,G,I,D,N,A,E"
234,E,-0.746,7,"-1.010,-0.589","8,7",e,,85/85,"N,K,R,I,Q,E,D"
235,N,0.783,2,"0.347, 1.136","4,1",e,,85/85,"S,N,A,H,E,K,R,T,D"
236,G,-0.878,8,"-1.121,-0.719","9,7",b,,85/85,"V,H,L,G,A"
237,W,1.778,1,"1.136, 1.999","1,1",e,,85/85,"V,R,K,D,W,T,G,L,M,S,N,Q,E,H"
238,G,-1.322,9,"-1.483,-1.289","9,9",e,f,85/85,G
239,E,-0.597,7,"-0.840,-0.448","8,6",e,,85/85,"M,T,K,R,F,E,Q,S,N"
240,L,-1.006,8,"-1.231,-0.898","9,8",b,,85/85,"F,M,I,L"
241,M,2.164,1,"1.136, 3.344","1,1",e,,85/85,"Q,C,S,W,I,T,M,V,R,K"
242,W,-1.196,9,"-1.426,-1.065","9,8",b,s,85/85,W
243,K,-0.187,6,"-0.520,-0.014","7,5",e,,85/85,"N,Q,H,E,K,R,P,L"
244,A,0.052,5,"-0.291, 0.213","6,4",e,,85/85,"A,E,M,P,T,G,K,V"
245,E,-0.2,6,"-0.520,-0.014","7,5",e,,85/85,"K,N,R,V,D,Q,E"
246,K,0.536,3,"0.095, 0.878","5,2",e,,85/85,"K,R,G,D,E"
247,D,0.218,4,"-0.113, 0.497","5,3",e,,85/85,"S,N,V,A,P,T,D"
248,S,-0.544,7,"-0.780,-0.371","8,6",e,,85/85,"F,A,P,L,D,S"
249,F,-1.06,8,"-1.231,-0.955","9,8",e,f,85/85,"S,G,F,P,A"
250,F,0.068,5,"-0.291, 0.347","6,4",e,,84/85,"Y,P,T,L,S,A,F,Q"
251,Q,0.835,2,"0.347, 1.136","4,1",e,,85/85,"Q,E,H,S,T,L,G,P,R,K"
252,P,0.766,2,"0.347, 1.136","4,1",b,,85/85,"H,Q,A,S,L,T,P,V,R,K"
253,W,-0.043,5,"-0.520, 0.213","7,4",b,,84/85,"P,L,W,C,S"
254,I,0.051,5,"-0.291, 0.213","6,4",b,,85/85,"T,L,I,A,F,V,S"
255,S,-0.226,6,"-0.520,-0.014","7,5",e,,85/85,"I,T,D,K,R,A,S,N"
256,F,-1.216,9,"-1.426,-1.121","9,9",b,s,85/85,"Y,F"
257,S,-0.838,8,"-1.010,-0.719","8,7",e,f,85/85,"T,D,R,V,K,F,S,N"
258,I,0.327,4,"-0.113, 0.672","5,3",b,,85/85,"F,S,W,I,L,M,V,R,Y"
259,K,0.866,2,"0.347, 1.136","4,1",e,,85/85,"Q,E,A,N,D,T,M,R,K"
260,N,-0.25,6,"-0.520,-0.113","7,5",e,,85/85,"S,N,K,A,D,E"
261,K,1.647,1,"0.878, 1.999","2,1",e,,85/85,"Q,N,G,T,D,M,R,K"
262,E,-0.038,5,"-0.371, 0.213","6,4",e,,85/85,"Q,E,H,A,S,N,T,R,V,K"
263,V,-0.727,7,"-0.955,-0.589","8,7",b,,85/85,"V,F,M,I,L"
264,S,-0.131,5,"-0.448, 0.095","6,5",e,,85/85,"S,C,F,A,K,Y,V,I,T,L"
265,V,0.207,4,"-0.205, 0.497","6,3",b,,85/85,"I,T,L,P,M,V,R,E,F,N"
266,Q,2.906,1,"1.477, 3.344","1,1",e,,83/85,"V,R,K,I,T,G,L,P,N,S,E,Q,A"
267,K,1.778,1,"1.136, 1.999","1,1",e,,84/85,"A,Q,E,S,N,M,T,G,L,D,W,K,Y,R,V"
268,S,1.253,1,"0.672, 1.477","3,1",b,,83/85,"N,S,A,V,K,D,G,T,L,I"
269,T,2.195,1,"1.136, 3.344","1,1",e,,83/85,"W,D,I,L,T,P,R,H,Q,A,F,N,S"
270,K,1.455,1,"0.878, 1.999","2,1",e,,76/85,"Q,H,A,N,S,L,G,D,P,K"
271,D,0.597,3,"0.095, 0.878","5,2",e,,78/85,"G,T,D,P,V,K,Y,H,Q,E,N"
272,L,0.89,2,"0.347, 1.136","4,1",b,,79/85,"A,S,C,P,L,T,K,R"
273,K,-0.228,6,"-0.520,-0.014","7,5",e,,85/85,"H,Q,P,R,N,K,S"
274,L,-0.122,5,"-0.448, 0.095","6,5",e,,85/85,"L,I,P,F"
275,Q,0.445,4,"0.095, 0.672","5,3",e,,85/85,"K,R,L,W,N,Q,E,H"
276,L,0.17,4,"-0.205, 0.347","6,4",b,,85/85,"R,V,M,A,L,I"
277,K,2.224,1,"1.136, 3.344","1,1",e,,85/85,"N,S,A,E,Q,K,V,R,M,P,D,G"
278,E,0.232,4,"-0.113, 0.497","5,3",e,,85/85,"P,Q,E,D,G,S,K"
279,T,1.416,1,"0.878, 1.999","2,1",e,,85/85,"A,F,E,Q,N,S,M,T,G,K,V,R"
280,L,-0.391,6,"-0.719,-0.205","7,6",b,,84/85,"F,A,M,P,T,L,Y,R"
281,P,-1.246,9,"-1.426,-1.175","9,9",e,f,85/85,"P,A"
282,L,-0.781,8,"-1.065,-0.589","8,7",b,,85/85,"L,I,F"
283,T,1.92,1,"1.136, 1.999","1,1",e,,85/85,"N,C,S,Q,H,R,Y,T,L,I"
284,L,1.189,1,"0.672, 1.477","3,1",b,,85/85,"V,L,I,F"
285,K,-0.691,7,"-0.898,-0.520","8,7",e,,85/85,"I,T,Q,V,N,K,S"
286,I,-1.149,9,"-1.351,-1.065","9,8",b,s,85/85,"L,I,M"
287,P,0.618,3,"0.213, 0.878","4,2",e,,85/85,"L,H,A,P,S"
288,Q,0.45,4,"0.095, 0.672","5,3",e,,85/85,"Q,H,E,S,N,P,L,K,R"
289,V,-0.875,8,"-1.065,-0.780","8,8",b,,85/85,"V,A,I,T"
290,S,-0.19,6,"-0.520,-0.014","7,5",b,,85/85,"L,H,Q,K,S"
291,L,-0.052,5,"-0.371, 0.213","6,4",e,,85/85,"P,H,L,S"
292,Q,0.608,3,"0.213, 0.878","4,2",e,,85/85,"S,E,H,Q,R,K,W,D,G,P"
293,F,0.268,4,"-0.113, 0.497","5,3",e,,85/85,"Y,D,L,N,C,S,F,H"
294,A,-1.34,9,"-1.483,-1.289","9,9",e,f,85/85,"V,A"
295,G,-1.322,9,"-1.483,-1.289","9,9",e,f,85/85,G
296,S,-1.185,9,"-1.351,-1.121","9,9",e,f,85/85,"C,S,T,F"
297,G,-1.067,8,"-1.289,-0.955","9,8",e,f,85/85,"G,M,F"
298,N,0.181,4,"-0.205, 0.347","6,4",e,,85/85,"E,H,N,D,L,T,I,K,V"
299,L,-1.001,8,"-1.231,-0.898","9,8",b,,85/85,"L,F"
300,T,-0.656,7,"-0.898,-0.520","8,7",b,,85/85,"F,T,L,I,D,S,R"
301,L,-1.112,9,"-1.289,-1.010","9,8",b,s,85/85,"V,L"
302,T,1.116,1,"0.672, 1.477","3,1",e,,85/85,"K,V,R,M,D,T,L,N,S,A,F,H,Q"
303,L,-0.879,8,"-1.121,-0.719","9,7",b,,85/85,"V,F,I,L"
304,D,1.247,1,"0.672, 1.477","3,1",e,,84/85,"S,N,A,R,K,G,L,T,D,P"
305,K,0.929,2,"0.347, 1.136","4,1",e,,85/85,"Q,E,N,S,M,T,G,W,K,R"
306,G,-0.651,7,"-0.955,-0.448","8,6",e,,85/85,"D,E,G,R"
307,T,0.558,3,"0.095, 0.878","5,2",e,,85/85,"K,V,R,M,D,T,I,N,Q,E"
308,L,-0.786,8,"-1.065,-0.655","8,7",b,,85/85,"V,L,I"
309,H,1.126,1,"0.672, 1.477","3,1",e,,85/85,"I,L,Y,K,R,Q,E,H,C,S"
310,Q,-0.461,7,"-0.719,-0.291","7,6",e,,85/85,"R,K,H,Q"
311,E,0.062,5,"-0.291, 0.347","6,4",e,,85/85,"T,Q,D,E,P,K,N"
312,V,-1.336,9,"-1.483,-1.289","9,9",b,s,85/85,"V,L"
313,N,-0.335,6,"-0.589,-0.205","7,6",e,,85/85,"D,H,T,K,S,N"
314,L,-1.326,9,"-1.483,-1.289","9,9",b,s,85/85,L
315,V,-1.339,9,"-1.483,-1.289","9,9",b,s,85/85,"A,V"
316,V,-1.141,9,"-1.289,-1.065","9,8",b,s,85/85,"V,L,M"
317,M,-1.197,9,"-1.351,-1.121","9,9",b,s,85/85,"L,M,V"
318,K,0.309,4,"-0.113, 0.497","5,3",e,,85/85,"T,A,R,K,S,N"
319,V,-0.568,7,"-0.840,-0.448","8,6",b,,85/85,"V,L,M,A"
320,A,0.141,5,"-0.205, 0.347","6,4",e,,85/85,"A,S,N,M,I,T,K,V"
321,Q,-0.11,5,"-0.448, 0.095","6,5",e,,85/85,"Y,K,R,P,L,N,S,H,Q,E"
322,L,0.515,3,"0.095, 0.878","5,2",e,,84/85,"F,Q,H,N,S,P,D,I,T,L,K,V,R"
323,N,0.675,3,"0.213, 0.878","4,2",e,,84/85,"D,T,L,G,P,K,Q,H,E,S,N"
324,N,0.042,5,"-0.291, 0.213","6,4",e,,84/85,"G,D,K,Y,R,E,Q,H,N,S"
325,T,0.7,3,"0.213, 0.878","4,2",e,,84/85,"D,L,I,T,K,A,Q,H,E,S,N"
326,L,-0.76,7,"-1.010,-0.589","8,7",b,,84/85,"L,V"
327,T,0.313,4,"-0.014, 0.497","5,3",b,,84/85,"S,C,A,Y,V,M,T,L,I"
328,C,-1.299,9,"-1.483,-1.231","9,9",b,s,84/85,C
329,E,-0.635,7,"-0.898,-0.448","8,6",e,,84/85,"R,K,Q,E,D,A"
330,V,-1.129,9,"-1.289,-1.065","9,8",b,s,84/85,"V,M,I,L"
331,M,0.882,2,"0.347, 1.136","4,1",e,,84/85,"K,R,V,M,L,W,S,A,Q"
332,G,-1.318,9,"-1.483,-1.289","9,9",e,f,84/85,G
333,P,-1.027,8,"-1.231,-0.898","9,8",e,f,84/85,"R,P,L,T"
334,T,-0.144,5,"-0.448, 0.095","6,5",e,,84/85,"V,R,K,L,I,T,N,S"
335,S,-0.592,7,"-0.840,-0.448","8,6",e,,84/85,"S,I,L,T,D,P,A"
336,P,-0.378,6,"-0.719,-0.205","7,6",e,,84/85,"R,N,S,P"
337,K,0.562,3,"0.095, 0.878","5,2",e,,84/85,"G,T,M,R,K,Q,E,N,S"
338,M,-0.316,6,"-0.655,-0.113","7,5",b,,84/85,"V,M,T,I,L"
339,R,1.15,1,"0.672, 1.477","3,1",e,,84/85,"V,R,K,L,T,I,M,S,N,H,Q,E"
340,L,-1.321,9,"-1.483,-1.289","9,9",b,s,84/85,L
341,T,-0.795,8,"-1.010,-0.655","8,7",b,,84/85,"S,N,R,A,T,I"
342,L,-0.696,7,"-0.955,-0.520","8,7",b,,84/85,"W,L,F"
343,K,0.193,4,"-0.205, 0.497","6,3",e,,84/85,"E,H,Q,S,N,M,T,I,K,R,V"
344,Q,0.573,3,"0.095, 0.878","5,2",e,,83/85,"M,P,I,L,Q,K,R"
345,E,0.555,3,"0.095, 0.878","5,2",e,,84/85,"S,N,H,E,Q,K,V,D,G"
346,N,-0.573,7,"-0.840,-0.448","8,6",e,,84/85,"T,G,E,D,K,N"
347,Q,-0.391,6,"-0.655,-0.205","7,6",e,,84/85,"L,G,R,K,Q,E,H,N"
348,E,0.253,4,"-0.113, 0.497","5,3",e,,82/85,"K,D,T,I,G,S,N,E,A"
349,A,0.937,2,"0.497, 1.136","3,1",e,,82/85,"S,A,H,V,R,M,P,D,T,G,L,I"
350,R,0.317,4,"-0.113, 0.497","5,3",e,,83/85,"R,K,T,M,P,S,N,E,H,Q"
351,V,-0.365,6,"-0.655,-0.205","7,6",e,,84/85,"F,A,N,S,G,I,L,D,V"
352,S,-0.867,8,"-1.065,-0.780","8,8",e,f,84/85,"Q,L,T,F,S"
353,E,0.742,3,"0.213, 1.136","4,1",e,,84/85,"K,R,M,D,G,T,N,S,A,E"
354,E,-0.191,6,"-0.520,-0.014","7,5",e,,79/85,"P,Q,E,S,K,R"
355,Q,0.097,5,"-0.291, 0.347","6,4",e,,84/85,"S,A,H,Q,E,K,R,P,D"
356,K,-1.108,9,"-1.289,-1.010","9,8",e,f,84/85,"M,N,K,R"
357,V,1.133,1,"0.497, 1.477","3,1",e,,84/85,"S,E,Q,A,R,V,K,L,T,W,M"
358,V,-0.837,8,"-1.065,-0.719","8,7",b,,84/85,"V,L,I"
359,Q,0.772,2,"0.347, 1.136","4,1",e,,84/85,"K,R,T,L,W,S,Q,E"
360,V,-0.455,6,"-0.719,-0.291","7,6",e,,84/85,"V,T,L,E,Q,M,A"
361,V,3.017,1,"1.999, 3.344","1,1",e,,84/85,"M,P,T,L,D,K,V,E,Q,N,S"
362,A,0.681,3,"0.213, 0.878","4,2",e,,84/85,"L,G,D,K,A,E,Q,N,S"
363,P,-1.035,8,"-1.231,-0.898","9,8",e,f,84/85,"P,A,L"
364,E,-0.588,7,"-0.840,-0.448","8,6",e,,84/85,"V,K,D,Q,E,A"
365,T,1.014,2,"0.497, 1.477","3,1",e,,84/85,"P,T,G,I,D,R,V,A,E,N,S"
366,G,-1.318,9,"-1.483,-1.289","9,9",e,f,84/85,G
367,L,0.624,3,"0.213, 0.878","4,2",b,,84/85,"A,Q,V,R,M,L,I,T"
368,W,-1.188,9,"-1.426,-1.065","9,8",b,s,84/85,W
369,Q,0.356,4,"-0.014, 0.672","5,3",e,,84/85,"R,Y,K,W,L,H,Q,E,F"
370,C,-1.299,9,"-1.483,-1.231","9,9",b,s,84/85,C
371,L,0.409,4,"-0.014, 0.672","5,3",b,,84/85,"L,Q,E,F,R,V"
372,L,-1.321,9,"-1.483,-1.289","9,9",b,s,84/85,L
373,S,-0.513,7,"-0.780,-0.371","8,6",e,,84/85,"F,N,S,L,T,R,K,Y"
374,E,0.136,5,"-0.205, 0.347","6,4",e,,84/85,"L,D,K,R,F,A,H,E,N,S"
375,G,1.597,1,"0.878, 1.999","2,1",e,,84/85,"E,Q,A,N,S,G,D,R,K"
376,D,1.199,1,"0.672, 1.477","3,1",e,,84/85,"D,G,V,K,H,E,A,N,S"
377,K,0.448,4,"-0.014, 0.672","5,3",e,,84/85,"A,D,Q,E,N,Y,K"
378,V,-0.574,7,"-0.840,-0.448","8,6",b,,84/85,"I,L,P,M,A,V,K"
379,K,-0.645,7,"-0.955,-0.448","8,6",e,,84/85,"I,L,Q,K,R,V"
380,M,-0.492,7,"-0.780,-0.291","8,6",b,,84/85,"V,M,L,I"
381,D,0.003,5,"-0.371, 0.213","6,4",e,,84/85,"E,A,S,N,D,L,T,M,K"
382,S,-0.994,8,"-1.175,-0.898","9,8",e,f,84/85,"S,Y,A,F"
383,R,0.918,2,"0.347, 1.136","4,1",e,,83/85,"E,Q,S,N,T,D,K,R"
384,I,1.303,1,"0.672, 1.477","3,1",b,,83/85,"A,F,Q,E,S,I,L,T,V"
385,Q,0.282,4,"-0.113, 0.497","5,3",e,,83/85,"F,T,D,Q,E,N,K"
386,V,-0.59,7,"-0.840,-0.448","8,6",b,,82/85,"K,V,A,F,Q,G,I"
387,L,1.648,1,"0.878, 1.999","2,1",b,,81/85,"Q,E,S,P,L,T,D,W,V"
388,S,0.868,2,"0.347, 1.136","4,1",e,,81/85,"V,G,T,P,S,H,Q,F,A"
389,R,0.613,3,"0.213, 0.878","4,2",e,,80/85,"A,Q,N,S,P,T,K,R"
390,G,2.833,1,"1.477, 3.344","1,1",e,,79/85,"Q,E,A,S,L,G,T,D,W,M,P,R,V,K"
391,V,2.84,1,"1.477, 3.344","1,1",b,,80/85,"W,G,L,P,M,V,K,Q,E,H,A,F,S"
392,N,0.52,3,"0.095, 0.878","5,2",e,,78/85,"I,L,T,M,P,K,H,Q,E,F,A,N,S"
393,Q,0.884,2,"0.347, 1.136","4,1",e,,79/85,"S,F,H,Q,E,K,R,P,W,L"
394,T,0.835,2,"0.347, 1.136","4,1",e,,79/85,"S,N,Q,A,V,R,Y,K,D,I,G,T,P"
395,V,1.035,2,"0.497, 1.477","3,1",e,,80/85,"M,P,L,T,I,K,V,F,A,Q,N,S"
396,F,0.869,2,"0.347, 1.136","4,1",b,,81/85,"V,Y,T,L,I,H,Q,F,A"
397,L,-1.32,9,"-1.483,-1.289","9,9",b,s,81/85,L
398,A,-0.457,6,"-0.719,-0.291","7,6",b,,75/85,"G,I,T,A,P,V"
399,C,1.062,2,"0.497, 1.477","3,1",b,,81/85,"A,F,C,S,M,T,I,L,G,V"
400,V,-0.692,7,"-0.955,-0.520","8,7",b,,81/85,"V,L,I,T,G,A"
401,L,-0.222,6,"-0.589,-0.014","7,5",b,,81/85,"V,I,L,F,A,P,M"
402,G,-1.091,9,"-1.289,-0.955","9,8",b,s,80/85,"G,A,S"
403,G,-0.572,7,"-0.840,-0.371","8,6",b,,80/85,"A,P,G,T,S"
404,S,0.752,3,"0.347, 1.136","4,1",b,,78/85,"S,V,P,A,I,G,T"
405,F,1.025,2,"0.497, 1.477","3,1",b,,79/85,"F,A,G,T,I,L,V"
406,G,-0.495,7,"-0.780,-0.291","8,6",b,,80/85,"G,T,A,C,S"
407,F,-0.087,5,"-0.448, 0.213","6,4",b,,79/85,"S,C,F,L"
408,L,-0.648,7,"-0.955,-0.448","8,6",b,,81/85,"V,L,A"
409,G,1.084,1,"0.497, 1.477","3,1",b,,80/85,"V,G,I,L,T,S,F,A"
410,F,0.836,2,"0.347, 1.136","4,1",b,,81/85,"F,L,I,C,S"
411,L,1.101,1,"0.497, 1.477","3,1",b,,80/85,"S,F,A,V,G,I,T,L,P,M"
412,G,0.268,4,"-0.205, 0.497","6,3",b,,81/85,"F,A,L,G,W,S,V"
413,L,0.233,4,"-0.205, 0.497","6,3",b,,81/85,"F,I,L,S,C,V"
414,C,0.212,4,"-0.205, 0.497","6,3",b,,81/85,"F,S,C,W,G,I,L,V"
415,I,-0.571,7,"-0.840,-0.448","8,6",b,,81/85,"V,S,C,T,I,M,A"
416,L,0.453,4,"-0.014, 0.672","5,3",b,,80/85,"S,C,F,Y,V,P,I,L,W"
417,C,-0.129,5,"-0.520, 0.095","7,5",b,,70/85,"F,L,Y,C,V"
418,C,-0.389,6,"-0.719,-0.205","7,6",b,,80/85,"Y,S,C,V,F"
419,V,-0.85,8,"-1.065,-0.719","8,7",b,,80/85,"C,V,A,L,I"
420,R,-0.041,5,"-0.371, 0.213","6,4",e,,80/85,"R,C,K,T,Q,W"
421,C,-0.305,6,"-0.655,-0.113","7,5",b,,79/85,"R,V,Y,S,C,H,W"
422,R,-0.537,7,"-0.840,-0.371","8,6",e,,79/85,"R,W,Q"
423,H,-0.578,7,"-0.840,-0.448","8,6",e,,80/85,"L,H,K,N,R"
424,Q,-0.639,7,"-0.898,-0.448","8,6",e,,81/85,"Q,G,R,S,K"
425,Q,-0.791,8,"-1.010,-0.655","8,7",e,f,80/85,"R,K,Q,L,P"
426,R,-0.938,8,"-1.175,-0.840","9,8",e,f,75/85,"V,R,S,H,L"
427,Q,-0.43,6,"-0.719,-0.205","7,6",e,,74/85,"Q,R,S,K"
428,A,-1.106,9,"-1.289,-1.010","9,8",b,s,74/85,"K,E,T,A"
429,A,0.101,5,"-0.291, 0.347","6,4",e,,74/85,"V,K,Q,D,E,A,P"
430,R,-1.045,8,"-1.231,-0.955","9,8",e,f,74/85,"P,Q,V,R"
431,M,-0.85,8,"-1.065,-0.719","8,7",b,,74/85,"P,M,I,T,K,S,V"
432,S,-1.349,9,"-1.483,-1.289","9,9",e,f,74/85,"D,S"
433,Q,-1.133,9,"-1.289,-1.065","9,8",e,f,74/85,"A,Q,H"
434,I,-1.328,9,"-1.483,-1.289","9,9",b,s,73/85,"L,I"
435,K,-1.067,8,"-1.289,-0.955","9,8",e,f,73/85,"P,K,R"
436,R,-0.797,8,"-1.010,-0.655","8,7",e,f,74/85,"K,R,E,T"
437,L,-1.194,9,"-1.426,-1.121","9,9",b,s,73/85,"T,L"
438,L,-1.31,9,"-1.483,-1.231","9,9",b,s,73/85,L
439,S,-1.275,9,"-1.426,-1.231","9,9",e,f,73/85,"S,K,R"
440,E,-1.352,9,"-1.483,-1.289","9,9",e,f,73/85,E
441,K,-1.265,9,"-1.426,-1.175","9,9",e,f,73/85,"N,K"
442,K,-1.347,9,"-1.483,-1.289","9,9",e,f,73/85,K
443,T,-1.331,9,"-1.483,-1.289","9,9",e,f,73/85,"T,P"
444,C,-1.286,9,"-1.483,-1.231","9,9",b,s,73/85,C
445,Q,-1.128,9,"-1.289,-1.010","9,8",e,f,73/85,"R,H,Q"
446,C,-1.286,9,"-1.483,-1.231","9,9",b,s,73/85,C
447,P,1.089,1,"0.497, 1.477","3,1",e,,70/85,"S,V,R,P,A,H"
448,H,-1.125,9,"-1.289,-1.010","9,8",e,f,65/85,"R,S,Q,H"
449,R,-1.08,9,"-1.289,-0.955","9,8",e,f,63/85,"H,Q,A,R"
450,M,0.282,4,"-0.205, 0.672","6,3",b,,58/85,"Q,L,I,M,P,F,Y"
451,Q,-1.039,8,"-1.231,-0.898","9,8",e,f,58/85,"Q,R,S,K"
452,K,-1.21,9,"-1.426,-1.121","9,9",e,f,57/85,"T,K"
453,S,-0.812,8,"-1.065,-0.655","8,7",e,f,54/85,"N,S,T,A,P"
454,H,1.259,1,"0.672, 1.477","3,1",e,,49/85,"H,Q,C,N,D,G,R,Y"
455,N,0.099,5,"-0.291, 0.347","6,4",e,,48/85,"H,N,S"
456,L,-0.823,8,"-1.121,-0.655","9,7",e,f,43/85,"V,F,L"
457,I,-0.995,8,"-1.231,-0.840","9,8",e,f,33/85,"I,L"